{
  "resources": [
    "voice.webm",
    "voice.m4a"
  ],
  "spritemap": {
    "10": {
      "start": 18,
      "end": 18.497619047619047,
      "loop": false
    },
    "11": {
      "start": 20,
      "end": 20.59140589569161,
      "loop": false
    },
    "12": {
      "start": 22,
      "end": 22.53371882086168,
      "loop": false
    },
    "13": {
      "start": 24,
      "end": 24.69238095238095,
      "loop": false
    },
    "14": {
      "start": 26,
      "end": 26.706825396825398,
      "loop": false
    },
    "15": {
      "start": 28,
      "end": 28.670702947845804,
      "loop": false
    },
    "16": {
      "start": 30,
      "end": 30.77750566893424,
      "loop": false
    },
    "17": {
      "start": 32,
      "end": 32.751836734693875,
      "loop": false
    },
    "18": {
      "start": 34,
      "end": 34.57244897959184,
      "loop": false
    },
    "19": {
      "start": 36,
      "end": 36.623718820861676,
      "loop": false
    },
    "20": {
      "start": 38,
      "end": 38.529705215419504,
      "loop": false
    },
    "21": {
      "start": 40,
      "end": 40.68353741496599,
      "loop": false
    },
    "22": {
      "start": 42,
      "end": 42.7091156462585,
      "loop": false
    },
    "23": {
      "start": 44,
      "end": 44.80312925170068,
      "loop": false
    },
    "24": {
      "start": 46,
      "end": 46.74333333333333,
      "loop": false
    },
    "25": {
      "start": 48,
      "end": 48.79458049886621,
      "loop": false
    },
    "26": {
      "start": 50,
      "end": 50.74328798185941,
      "loop": false
    },
    "27": {
      "start": 52,
      "end": 52.768956916099775,
      "loop": false
    },
    "28": {
      "start": 54,
      "end": 54.64934240362812,
      "loop": false
    },
    "29": {
      "start": 56,
      "end": 56.70063492063492,
      "loop": false
    },
    "30": {
      "start": 58,
      "end": 58.504126984126984,
      "loop": false
    },
    "31": {
      "start": 60,
      "end": 60.799795918367344,
      "loop": false
    },
    "32": {
      "start": 62,
      "end": 62.808956916099774,
      "loop": false
    },
    "33": {
      "start": 64,
      "end": 64.7814058956916,
      "loop": false
    },
    "34": {
      "start": 66,
      "end": 66.77219954648525,
      "loop": false
    },
    "35": {
      "start": 68,
      "end": 68.76299319727892,
      "loop": false
    },
    "36": {
      "start": 70,
      "end": 70.79975056689342,
      "loop": false
    },
    "37": {
      "start": 72,
      "end": 72.82732426303855,
      "loop": false
    },
    "38": {
      "start": 74,
      "end": 74.65269841269841,
      "loop": false
    },
    "39": {
      "start": 76,
      "end": 76.75378684807256,
      "loop": false
    },
    "40": {
      "start": 78,
      "end": 78.56995464852608,
      "loop": false
    },
    "41": {
      "start": 80,
      "end": 80.72625850340135,
      "loop": false
    },
    "42": {
      "start": 82,
      "end": 82.76299319727892,
      "loop": false
    },
    "43": {
      "start": 84,
      "end": 84.77219954648525,
      "loop": false
    },
    "44": {
      "start": 86,
      "end": 86.77219954648525,
      "loop": false
    },
    "45": {
      "start": 88,
      "end": 88.72625850340135,
      "loop": false
    },
    "46": {
      "start": 90,
      "end": 90.81816326530613,
      "loop": false
    },
    "47": {
      "start": 92,
      "end": 92.85496598639456,
      "loop": false
    },
    "48": {
      "start": 94,
      "end": 94.70786848072562,
      "loop": false
    },
    "49": {
      "start": 96,
      "end": 96.79979591836735,
      "loop": false
    },
    "50": {
      "start": 98,
      "end": 98.5515873015873,
      "loop": false
    },
    "51": {
      "start": 100,
      "end": 100.6802947845805,
      "loop": false
    },
    "52": {
      "start": 102,
      "end": 102.790589569161,
      "loop": false
    },
    "53": {
      "start": 104,
      "end": 104.76299319727892,
      "loop": false
    },
    "54": {
      "start": 106,
      "end": 106.7814058956916,
      "loop": false
    },
    "55": {
      "start": 108,
      "end": 108.72621315192744,
      "loop": false
    },
    "56": {
      "start": 110,
      "end": 110.72625850340135,
      "loop": false
    },
    "57": {
      "start": 112,
      "end": 112.79979591836735,
      "loop": false
    },
    "58": {
      "start": 114,
      "end": 114.65269841269841,
      "loop": false
    },
    "59": {
      "start": 116,
      "end": 116.72621315192744,
      "loop": false
    },
    "60": {
      "start": 118,
      "end": 118.59755102040816,
      "loop": false
    },
    "61": {
      "start": 120,
      "end": 120.81807256235828,
      "loop": false
    },
    "62": {
      "start": 122,
      "end": 122.86383219954648,
      "loop": false
    },
    "63": {
      "start": 124,
      "end": 124.83333333333333,
      "loop": false
    },
    "64": {
      "start": 126,
      "end": 126.84859410430839,
      "loop": false
    },
    "65": {
      "start": 128,
      "end": 128.8638321995465,
      "loop": false
    },
    "66": {
      "start": 130,
      "end": 130.8384126984127,
      "loop": false
    },
    "67": {
      "start": 132,
      "end": 132.884126984127,
      "loop": false
    },
    "68": {
      "start": 134,
      "end": 134.77238095238096,
      "loop": false
    },
    "69": {
      "start": 136,
      "end": 136.81807256235828,
      "loop": false
    },
    "70": {
      "start": 138,
      "end": 138.64532879818594,
      "loop": false
    },
    "71": {
      "start": 140,
      "end": 140.82825396825396,
      "loop": false
    },
    "72": {
      "start": 142,
      "end": 142.86378684807255,
      "loop": false
    },
    "73": {
      "start": 144,
      "end": 144.86886621315193,
      "loop": false
    },
    "74": {
      "start": 146,
      "end": 146.86891156462585,
      "loop": false
    },
    "75": {
      "start": 148,
      "end": 148.8231746031746,
      "loop": false
    },
    "01": {
      "start": 0,
      "end": 0.4474149659863946,
      "loop": false
    },
    "02": {
      "start": 2,
      "end": 2.4760090702947846,
      "loop": false
    },
    "03": {
      "start": 4,
      "end": 4.497324263038549,
      "loop": false
    },
    "04": {
      "start": 6,
      "end": 6.4688435374149655,
      "loop": false
    },
    "05": {
      "start": 8,
      "end": 8.555328798185942,
      "loop": false
    },
    "06": {
      "start": 10,
      "end": 10.656326530612246,
      "loop": false
    },
    "07": {
      "start": 12,
      "end": 12.576961451247165,
      "loop": false
    },
    "08": {
      "start": 14,
      "end": 14.490408163265306,
      "loop": false
    },
    "09": {
      "start": 16,
      "end": 16.59861678004535,
      "loop": false
    },
    "b": {
      "start": 150,
      "end": 150.4180498866213,
      "loop": false
    },
    "g": {
      "start": 152,
      "end": 152.50362811791382,
      "loop": false
    },
    "i": {
      "start": 154,
      "end": 154.40154195011337,
      "loop": false
    },
    "n": {
      "start": 156,
      "end": 156.41367346938776,
      "loop": false
    },
    "o": {
      "start": 158,
      "end": 158.4370068027211,
      "loop": false
    }
  }
}